/*
Navicat MySQL Data Transfer

Source Server         : 我的阿里云
Source Server Version : 50718
Source Host           : rm-bp1b7m5564e64ps12o.mysql.rds.aliyuncs.com:3306
Source Database       : uplus_auth

Target Server Type    : MYSQL
Target Server Version : 50718
File Encoding         : 65001

Date: 2018-10-06 18:57:29
*/

SET FOREIGN_KEY_CHECKS=0;

-- ----------------------------
-- Table structure for oauth_access_token
-- ----------------------------
DROP TABLE IF EXISTS `oauth_access_token`;
CREATE TABLE `oauth_access_token` (
  `token_id` varchar(255) CHARACTER SET utf8 DEFAULT NULL COMMENT '从服务器端获取到的access_token的值.',
  `token` blob COMMENT '这是一个二进制的字段, 存储的数据是OAuth2AccessToken.java对象序列化后的二进制数据.',
  `authentication_id` varchar(255) CHARACTER SET utf8 DEFAULT NULL COMMENT '该字段具有唯一性, 是根据当前的username(如果有),client_id与scope通过MD5加密生成的. ',
  `user_name` varchar(255) CHARACTER SET utf8 DEFAULT NULL COMMENT '登录时的用户名',
  `client_id` varchar(255) CHARACTER SET utf8 DEFAULT NULL,
  `authentication` blob,
  `refresh_token` varchar(255) CHARACTER SET utf8 DEFAULT NULL
) ENGINE=InnoDB DEFAULT CHARSET=utf8mb4 COMMENT='在项目中,主要操作oauth_access_token表的对象是JdbcTokenStore.java. 更多的细节请参考该类.';

-- ----------------------------
-- Records of oauth_access_token
-- ----------------------------

-- ----------------------------
-- Table structure for oauth_client_details
-- ----------------------------
DROP TABLE IF EXISTS `oauth_client_details`;
CREATE TABLE `oauth_client_details` (
  `client_id` varchar(255) CHARACTER SET utf8 NOT NULL COMMENT '主键,必须唯一,不能为空. 用于唯一标识每一个客户端(client); 在注册时必须填写(也可由服务端自动生成). 对于不同的grant_type,该字段都是必须的. 在实际应用中的另一个名称叫appKey,与client_id是同一个概念.',
  `resource_ids` varchar(255) CHARACTER SET utf8 DEFAULT NULL COMMENT '客户端所能访问的资源id集合,多个资源时用逗号(,)分隔,如: "unity-resource,mobile-resource". 该字段的值必须来源于与security.xml中标签‹oauth2:resource-server的属性resource-id值一致. 在security.xml配置有几个‹oauth2:resource-server标签, 则该字段可以使用几个该值. 在实际应用中, 我们一般将资源进行分类,并分别配置对应的‹oauth2:resource-server,如订单资源配置一个‹oauth2:resource-server, 用户资源又配置一个‹oauth2:resource-server. 当注册客户端时,根据实际需要可选择资源id,也可根据不同的注册流程,赋予对应的资源id.',
  `client_secret` varchar(255) CHARACTER SET utf8 DEFAULT NULL COMMENT '用于指定客户端(client)的访问密匙; 在注册时必须填写(也可由服务端自动生成). 对于不同的grant_type,该字段都是必须的. 在实际应用中的另一个名称叫appSecret,与client_secret是同一个概念.',
  `scope` varchar(255) CHARACTER SET utf8 DEFAULT NULL COMMENT '指定客户端申请的权限范围,可选值包括read,write,trust;若有多个权限范围用逗号(,)分隔,如: "read,write". scope的值与security.xml中配置的‹intercept-url的access属性有关系. 如‹intercept-url的配置为‹intercept-url pattern="/m/**" access="ROLE_MOBILE,SCOPE_READ"/>则说明访问该URL时的客户端必须有read权限范围. write的配置值为SCOPE_WRITE, trust的配置值为SCOPE_TRUST. 在实际应该中, 该值一般由服务端指定, 常用的值为read,write.',
  `authorized_grant_types` varchar(255) CHARACTER SET utf8 DEFAULT NULL COMMENT '指定客户端支持的grant_type,可选值包括authorization_code,password,refresh_token,implicit,client_credentials, 若支持多个grant_type用逗号(,)分隔,如: "authorization_code,password". 在实际应用中,当注册时,该字段是一般由服务器端指定的,而不是由申请者去选择的,最常用的grant_type组合有: "authorization_code,refresh_token"(针对通过浏览器访问的客户端); "password,refresh_token"(针对移动设备的客户端).implicit与client_credentials在实际中很少使用.',
  `web_server_redirect_uri` varchar(255) CHARACTER SET utf8 DEFAULT NULL COMMENT '客户端的重定向URI,可为空, 当grant_type为authorization_code或implicit时, 在Oauth的流程中会使用并检查与注册时填写的redirect_uri是否一致. 下面分别说明:当grant_type=authorization_code时, 第一步 从 spring-oauth-server获取 ''code''时客户端发起请求时必须有redirect_uri参数, 该参数的值必须与web_server_redirect_uri的值一致. 第二步 用 ''code'' 换取 ''access_token'' 时客户也必须传递相同的redirect_uri. 在实际应用中, web_server_redirect_uri在注册时是必须填写的, 一般用来处理服务器返回的code, 验证state是否合法与通过code去换取access_token值. 在spring-oauth-client项目中, 可具体参考AuthorizationCodeController.java中的authorizationCodeCallback方法.当grant_type=implicit时通过redirect_uri的hash值来传递access_token值.如:http://localhost:7777/spring-oauth-client/implicit#access_token=dc891f4a-ac88-4ba6-8224-a2497e013865&token_type=bearer&expires_in=43199然后客户端通过JS等从hash值中取到access_token值.',
  `authorities` varchar(255) CHARACTER SET utf8 DEFAULT NULL COMMENT '指定客户端所拥有的Spring Security的权限值,可选, 若有多个权限值,用逗号(,)分隔, 如: "ROLE_UNITY,ROLE_USER". 对于是否要设置该字段的值,要根据不同的grant_type来判断, 若客户端在Oauth流程中需要用户的用户名(username)与密码(password)的(authorization_code,password), 则该字段可以不需要设置值,因为服务端将根据用户在服务端所拥有的权限来判断是否有权限访问对应的API. 但如果客户端在Oauth流程中不需要用户信息的(implicit,client_credentials), 则该字段必须要设置对应的权限值, 因为服务端将根据该字段值的权限来判断是否有权限访问对应的API. (请在spring-oauth-client项目中来测试不同grant_type时authorities的变化)',
  `access_token_validity` int(11) DEFAULT NULL COMMENT '设定客户端的access_token的有效时间值(单位:秒),可选, 若不设定值则使用默认的有效时间值(60 * 60 * 12, 12小时). 在服务端获取的access_token JSON数据中的expires_in字段的值即为当前access_token的有效时间值. 在项目中, 可具体参考DefaultTokenServices.java中属性accessTokenValiditySeconds. 在实际应用中, 该值一般是由服务端处理的, 不需要客户端自定义',
  `refresh_token_validity` int(11) DEFAULT NULL COMMENT '设定客户端的refresh_token的有效时间值(单位:秒),可选, 若不设定值则使用默认的有效时间值(60 * 60 * 24 * 30, 30天). 若客户端的grant_type不包括refresh_token,则不用关心该字段 在项目中, 可具体参考DefaultTokenServices.java中属性refreshTokenValiditySeconds. 在实际应用中, 该值一般是由服务端处理的, 不需要客户端自定义.',
  `additional_information` varchar(4096) CHARACTER SET utf8 DEFAULT NULL COMMENT '这是一个预留的字段,在Oauth的流程中没有实际的使用,可选,但若设置值,必须是JSON格式的数据,如"country":"CN","country_code":"086"}按照spring-security-oauth项目中对该字段的描述 Additional information for this client, not need by the vanilla OAuth protocol but might be useful, for example,for storing descriptive information. (详见ClientDetails.java的getAdditionalInformation()方法的注释)在实际应用中, 可以用该字段来存储关于客户端的一些其他信息,如客户端的国家,地区,注册时的IP地址等等.',
  `autoapprove` tinyint(4) DEFAULT NULL COMMENT '设置用户是否自动Approval操作, 默认值为 ''false'', 可选值包括 ''true'',''false'', ''read'',''write''. 该字段只适用于grant_type="authorization_code"的情况,当用户登录成功后,若该值为''true''或支持的scope值,则会跳过用户Approve的页面, 直接授权. 该字段与 trusted 有类似的功能, 是 spring-security-oauth2 的 2.0 版本后添加的新属性.',
  PRIMARY KEY (`client_id`)
) ENGINE=InnoDB DEFAULT CHARSET=utf8mb4 COMMENT='在项目中,主要操作oauth_client_details表的类是JdbcClientDetailsService.java, 更多的细节请参考该类. \r\n也可以根据实际的需要,去扩展或修改该类的实现.';

-- ----------------------------
-- Records of oauth_client_details
-- ----------------------------
INSERT INTO `oauth_client_details` VALUES ('normal-app', 'spring-boot-application', 'normal-app', 'read, write', 'authorization_code,refresh_token,password', '', 'ROLE_TRUSTED_CLIENT', '3600', null, null, '1');
INSERT INTO `oauth_client_details` VALUES ('trusted-app', 'spring-boot-application', 'secret', 'read, write', 'client_credentials,password', 'http://localhost:8084/web/login', 'ROLE_TRUSTED_CLIENT', '3600', null, null, '1');
INSERT INTO `oauth_client_details` VALUES ('youjiahulian', 'spring-boot-application', 'youjiahulian', 'read, write', 'authorization_code,refresh_token', 'http://localhost:8084/web/login', 'ROLE_CLIENT', '3600', null, null, '1');

-- ----------------------------
-- Table structure for oauth_client_token
-- ----------------------------
DROP TABLE IF EXISTS `oauth_client_token`;
CREATE TABLE `oauth_client_token` (
  `token_id` varchar(255) CHARACTER SET utf8 DEFAULT NULL COMMENT '从服务器端获取到的access_token的值.',
  `token` blob COMMENT '这是一个二进制的字段, 存储的数据是OAuth2AccessToken.java对象序列化后的二进制数据.',
  `authentication_id` varchar(255) CHARACTER SET utf8 DEFAULT NULL COMMENT '该字段具有唯一性, 是根据当前的username(如果有),client_id与scope通过MD5加密生成的. ',
  `user_name` varchar(255) CHARACTER SET utf8 DEFAULT NULL COMMENT '登录时的用户名',
  `client_id` varchar(255) CHARACTER SET utf8 DEFAULT NULL
) ENGINE=InnoDB DEFAULT CHARSET=utf8mb4 COMMENT='该表用于在客户端系统中存储从服务端获取的token数据, 在spring-oauth-server项目中未使用到. \r\n对oauth_client_token表的主要操作在JdbcClientTokenServices.java类中, 更多的细节请参考该类.';

-- ----------------------------
-- Records of oauth_client_token
-- ----------------------------

-- ----------------------------
-- Table structure for oauth_code
-- ----------------------------
DROP TABLE IF EXISTS `oauth_code`;
CREATE TABLE `oauth_code` (
  `code` varchar(255) CHARACTER SET utf8 DEFAULT NULL COMMENT '存储服务端系统生成的code的值(未加密).',
  `authentication` blob COMMENT '存储将AuthorizationRequestHolder.java对象序列化后的二进制数据.'
) ENGINE=InnoDB DEFAULT CHARSET=utf8mb4 COMMENT='在项目中,主要操作oauth_code表的对象是JdbcAuthorizationCodeServices.java. 更多的细节请参考该类. \r\n只有当grant_type为"authorization_code"时,该表中才会有数据产生; 其他的grant_type没有使用该表.';

-- ----------------------------
-- Records of oauth_code
-- ----------------------------

-- ----------------------------
-- Table structure for oauth_refresh_token
-- ----------------------------
DROP TABLE IF EXISTS `oauth_refresh_token`;
CREATE TABLE `oauth_refresh_token` (
  `token_id` varchar(255) CHARACTER SET utf8 DEFAULT NULL COMMENT '该字段的值是将refresh_token的值通过MD5加密后存储的.',
  `token` blob COMMENT '存储将OAuth2RefreshToken.java对象序列化后的二进制数据.',
  `authentication` blob COMMENT '存储将OAuth2Authentication.java对象序列化后的二进制数据.'
) ENGINE=InnoDB DEFAULT CHARSET=utf8mb4 COMMENT='在项目中,主要操作oauth_refresh_token表的对象是JdbcTokenStore.java. (与操作oauth_access_token表的对象一样);更多的细节请参考该类. \r\n如果客户端的grant_type不支持refresh_token,则不会使用该表.';

-- ----------------------------
-- Records of oauth_refresh_token
-- ----------------------------

-- ----------------------------
-- Table structure for sys_dept
-- ----------------------------
DROP TABLE IF EXISTS `sys_dept`;
CREATE TABLE `sys_dept` (
  `dept_id` int(20) NOT NULL AUTO_INCREMENT,
  `name` varchar(50) DEFAULT NULL COMMENT '部门名称',
  `order_num` int(11) DEFAULT NULL COMMENT '排序',
  `create_time` timestamp NULL DEFAULT CURRENT_TIMESTAMP COMMENT '创建时间',
  `update_time` timestamp NULL DEFAULT NULL ON UPDATE CURRENT_TIMESTAMP COMMENT '修改时间',
  `del_flag` char(1) DEFAULT '0' COMMENT '是否删除  -1：已删除  0：正常',
  `parent_id` int(11) DEFAULT NULL,
  PRIMARY KEY (`dept_id`)
) ENGINE=InnoDB AUTO_INCREMENT=10 DEFAULT CHARSET=utf8 ROW_FORMAT=DYNAMIC COMMENT='部门管理';

-- ----------------------------
-- Records of sys_dept
-- ----------------------------
INSERT INTO `sys_dept` VALUES ('1', '山东农信', null, '2018-01-22 19:00:23', '2018-01-23 12:40:46', '0', '0');
INSERT INTO `sys_dept` VALUES ('2', '沙县国际', null, '2018-01-22 19:00:38', '2018-01-23 12:42:04', '0', '0');
INSERT INTO `sys_dept` VALUES ('3', '潍坊农信', null, '2018-01-22 19:00:44', '2018-01-23 12:40:56', '0', '1');
INSERT INTO `sys_dept` VALUES ('4', '高新农信', null, '2018-01-22 19:00:52', '2018-01-23 12:41:11', '0', '3');
INSERT INTO `sys_dept` VALUES ('5', '院校农信', null, '2018-01-22 19:00:57', '2018-01-23 12:41:22', '0', '4');
INSERT INTO `sys_dept` VALUES ('6', '潍坊学院农信', '115', '2018-01-22 19:01:06', '2018-03-07 16:22:04', '0', '5');
INSERT INTO `sys_dept` VALUES ('7', '山东沙县', null, '2018-01-22 19:01:57', '2018-01-23 12:42:15', '0', '2');
INSERT INTO `sys_dept` VALUES ('8', '潍坊沙县', null, '2018-01-22 19:02:03', '2018-01-23 12:42:23', '0', '7');
INSERT INTO `sys_dept` VALUES ('9', '高新沙县', null, '2018-01-22 19:02:14', '2018-03-07 16:28:14', '0', '8');

-- ----------------------------
-- Table structure for sys_dept_relation
-- ----------------------------
DROP TABLE IF EXISTS `sys_dept_relation`;
CREATE TABLE `sys_dept_relation` (
  `ancestor` int(11) NOT NULL COMMENT '祖先节点',
  `descendant` int(11) NOT NULL COMMENT '后代节点',
  PRIMARY KEY (`ancestor`,`descendant`),
  KEY `idx1` (`ancestor`),
  KEY `idx2` (`descendant`)
) ENGINE=InnoDB DEFAULT CHARSET=latin1 ROW_FORMAT=DYNAMIC;

-- ----------------------------
-- Records of sys_dept_relation
-- ----------------------------
INSERT INTO `sys_dept_relation` VALUES ('1', '1');
INSERT INTO `sys_dept_relation` VALUES ('1', '3');
INSERT INTO `sys_dept_relation` VALUES ('1', '4');
INSERT INTO `sys_dept_relation` VALUES ('1', '5');
INSERT INTO `sys_dept_relation` VALUES ('1', '6');
INSERT INTO `sys_dept_relation` VALUES ('2', '2');
INSERT INTO `sys_dept_relation` VALUES ('2', '7');
INSERT INTO `sys_dept_relation` VALUES ('2', '8');
INSERT INTO `sys_dept_relation` VALUES ('2', '9');
INSERT INTO `sys_dept_relation` VALUES ('3', '3');
INSERT INTO `sys_dept_relation` VALUES ('3', '4');
INSERT INTO `sys_dept_relation` VALUES ('3', '5');
INSERT INTO `sys_dept_relation` VALUES ('3', '6');
INSERT INTO `sys_dept_relation` VALUES ('4', '4');
INSERT INTO `sys_dept_relation` VALUES ('4', '5');
INSERT INTO `sys_dept_relation` VALUES ('4', '6');
INSERT INTO `sys_dept_relation` VALUES ('5', '5');
INSERT INTO `sys_dept_relation` VALUES ('5', '6');
INSERT INTO `sys_dept_relation` VALUES ('6', '6');
INSERT INTO `sys_dept_relation` VALUES ('7', '7');
INSERT INTO `sys_dept_relation` VALUES ('7', '8');
INSERT INTO `sys_dept_relation` VALUES ('7', '9');
INSERT INTO `sys_dept_relation` VALUES ('8', '8');
INSERT INTO `sys_dept_relation` VALUES ('8', '9');
INSERT INTO `sys_dept_relation` VALUES ('9', '9');

-- ----------------------------
-- Table structure for sys_menu
-- ----------------------------
DROP TABLE IF EXISTS `sys_menu`;
CREATE TABLE `sys_menu` (
  `menu_id` int(11) NOT NULL COMMENT '菜单ID',
  `name` varchar(32) NOT NULL COMMENT '菜单名称',
  `permission` varchar(32) DEFAULT NULL COMMENT '菜单权限标识',
  `path` varchar(128) DEFAULT NULL COMMENT '前端URL',
  `url` varchar(128) DEFAULT NULL COMMENT '请求链接',
  `method` varchar(32) DEFAULT NULL COMMENT '请求方法',
  `parent_id` int(11) DEFAULT NULL COMMENT '父菜单ID',
  `icon` varchar(32) DEFAULT NULL COMMENT '图标',
  `component` varchar(64) DEFAULT NULL COMMENT 'VUE页面',
  `sort` int(11) DEFAULT '1' COMMENT '排序值',
  `type` char(1) DEFAULT NULL COMMENT '菜单类型 （0菜单 1按钮）',
  `create_time` timestamp NULL DEFAULT CURRENT_TIMESTAMP COMMENT '创建时间',
  `update_time` timestamp NULL DEFAULT NULL ON UPDATE CURRENT_TIMESTAMP COMMENT '更新时间',
  `del_flag` char(1) DEFAULT '0' COMMENT '0--正常 1--删除',
  PRIMARY KEY (`menu_id`)
) ENGINE=InnoDB DEFAULT CHARSET=utf8 ROW_FORMAT=DYNAMIC COMMENT='菜单权限表';

-- ----------------------------
-- Records of sys_menu
-- ----------------------------
INSERT INTO `sys_menu` VALUES ('1', '系统管理', null, '/admin', null, null, '-1', 'icon-xitongguanli', 'Layout', '1', '0', '2017-11-07 20:56:00', '2018-05-14 21:53:22', '0');
INSERT INTO `sys_menu` VALUES ('2', '用户管理', null, 'user', '', null, '1', 'icon-yonghuguanli', 'views/admin/user/index', '2', '0', '2017-11-02 22:24:37', '2018-05-14 22:11:35', '0');
INSERT INTO `sys_menu` VALUES ('3', '菜单管理', null, 'menu', '', null, '1', 'icon-caidanguanli', 'views/admin/menu/index', '3', '0', '2017-11-08 09:57:27', '2018-05-14 22:11:21', '0');
INSERT INTO `sys_menu` VALUES ('4', '角色管理', null, 'role', null, null, '1', 'icon-jiaoseguanli', 'views/admin/role/index', '4', '0', '2017-11-08 10:13:37', '2018-05-14 22:11:19', '0');
INSERT INTO `sys_menu` VALUES ('5', '日志管理', null, 'log', null, null, '1', 'icon-rizhiguanli', 'views/admin/log/index', '5', '0', '2017-11-20 14:06:22', '2018-09-16 16:00:20', '1');
INSERT INTO `sys_menu` VALUES ('6', '字典管理', null, 'dict', null, null, '1', 'icon-zygl', 'views/admin/dict/index', '6', '0', '2017-11-29 11:30:52', '2018-09-16 16:00:25', '1');
INSERT INTO `sys_menu` VALUES ('7', '部门管理', null, 'dept', null, null, '1', 'icon-iconbmgl', 'views/admin/dept/index', '7', '0', '2018-01-20 13:17:19', '2018-09-16 16:00:29', '1');
INSERT INTO `sys_menu` VALUES ('8', '系统监控', null, '', null, null, '-1', 'icon-iconbmgl', null, '8', '0', '2018-01-22 12:30:41', '2018-09-16 16:00:41', '1');
INSERT INTO `sys_menu` VALUES ('9', '服务监控', null, 'http://139.224.200.249:5001', null, null, '8', 'icon-jiankong', null, '9', '0', '2018-01-23 10:53:33', '2018-09-16 16:00:41', '1');
INSERT INTO `sys_menu` VALUES ('10', 'zipkin监控', null, 'http://139.224.200.249:5002', null, null, '8', 'icon-jiankong', null, '11', '0', '2018-01-23 10:55:18', '2018-09-16 16:00:41', '1');
INSERT INTO `sys_menu` VALUES ('11', 'pinpoint监控', null, 'https://pinpoint.pig4cloud.com', null, null, '8', 'icon-xiazaihuancun', null, '10', '0', '2018-01-25 11:08:52', '2018-09-16 16:00:41', '1');
INSERT INTO `sys_menu` VALUES ('12', '缓存状态', null, 'http://139.224.200.249:8585', null, null, '8', 'icon-ecs-status', null, '12', '0', '2018-01-23 10:56:11', '2018-09-16 16:00:41', '1');
INSERT INTO `sys_menu` VALUES ('13', 'ELK状态', null, 'http://139.224.200.249:5601', null, null, '8', 'icon-ecs-status', null, '13', '0', '2018-01-23 10:55:47', '2018-09-16 16:00:41', '1');
INSERT INTO `sys_menu` VALUES ('14', '接口文档', null, 'http://139.224.200.249:9999/swagger-ui.html', null, null, '8', 'icon-wendangdocument72', null, '14', '0', '2018-01-23 10:56:43', '2018-09-16 16:00:41', '1');
INSERT INTO `sys_menu` VALUES ('15', '任务监控', null, 'http://139.224.200.249:8899', null, null, '8', 'icon-jiankong', null, '15', '0', '2018-01-23 10:55:18', '2018-09-16 16:00:41', '1');
INSERT INTO `sys_menu` VALUES ('21', '用户查看', '', null, '/admin/user/**', 'GET', '2', null, null, null, '1', '2017-11-07 20:58:05', '2018-02-04 14:28:49', '0');
INSERT INTO `sys_menu` VALUES ('22', '用户新增', 'sys_user_add', null, '/admin/user/*', 'POST', '2', null, null, null, '1', '2017-11-08 09:52:09', '2017-12-04 16:31:10', '0');
INSERT INTO `sys_menu` VALUES ('23', '用户修改', 'sys_user_edit', null, '/admin/user/**', 'PUT', '2', null, null, null, '1', '2017-11-08 09:52:48', '2018-01-17 17:40:01', '0');
INSERT INTO `sys_menu` VALUES ('24', '用户删除', 'sys_user_del', null, '/admin/user/*', 'DELETE', '2', null, null, null, '1', '2017-11-08 09:54:01', '2017-12-04 16:31:18', '0');
INSERT INTO `sys_menu` VALUES ('31', '菜单查看', null, null, '/admin/menu/**', 'GET', '3', null, null, null, '1', '2017-11-08 09:57:56', '2017-11-14 17:29:17', '0');
INSERT INTO `sys_menu` VALUES ('32', '菜单新增', 'sys_menu_add', null, '/admin/menu/*', 'POST', '3', null, null, null, '1', '2017-11-08 10:15:53', '2018-01-20 14:37:50', '0');
INSERT INTO `sys_menu` VALUES ('33', '菜单修改', 'sys_menu_edit', null, '/admin/menu/*', 'PUT', '3', null, null, null, '1', '2017-11-08 10:16:23', '2018-01-20 14:37:56', '0');
INSERT INTO `sys_menu` VALUES ('34', '菜单删除', 'sys_menu_del', null, '/admin/menu/*', 'DELETE', '3', null, null, null, '1', '2017-11-08 10:16:43', '2018-01-20 14:38:03', '0');
INSERT INTO `sys_menu` VALUES ('41', '角色查看', null, null, '/admin/role/**', 'GET', '4', null, null, null, '1', '2017-11-08 10:14:01', '2018-02-04 13:55:06', '0');
INSERT INTO `sys_menu` VALUES ('42', '角色新增', 'sys_role_add', null, '/admin/role/*', 'POST', '4', null, null, null, '1', '2017-11-08 10:14:18', '2018-04-20 07:21:38', '0');
INSERT INTO `sys_menu` VALUES ('43', '角色修改', 'sys_role_edit', null, '/admin/role/*', 'PUT', '4', null, null, null, '1', '2017-11-08 10:14:41', '2018-04-20 07:21:50', '0');
INSERT INTO `sys_menu` VALUES ('44', '角色删除', 'sys_role_del', null, '/admin/role/*', 'DELETE', '4', null, null, null, '1', '2017-11-08 10:14:59', '2018-04-20 07:22:00', '0');
INSERT INTO `sys_menu` VALUES ('45', '分配权限', 'sys_role_perm', null, '/admin/role/*', 'PUT', '4', null, null, null, '1', '2018-04-20 07:22:55', '2018-04-20 07:24:40', '0');
INSERT INTO `sys_menu` VALUES ('51', '日志查看', null, null, '/admin/log/**', 'GET', '5', null, null, null, '1', '2017-11-20 14:07:25', '2018-09-16 16:00:20', '1');
INSERT INTO `sys_menu` VALUES ('52', '日志删除', 'sys_log_del', null, '/admin/log/*', 'DELETE', '5', null, null, null, '1', '2017-11-20 20:37:37', '2018-09-16 16:00:20', '1');
INSERT INTO `sys_menu` VALUES ('61', '字典查看', null, null, '/admin/dict/**', 'GET', '6', null, null, null, '1', '2017-11-19 22:04:24', '2018-09-16 16:00:25', '1');
INSERT INTO `sys_menu` VALUES ('62', '字典删除', 'sys_dict_del', null, '/admin/dict/**', 'DELETE', '6', null, null, null, '1', '2017-11-29 11:30:11', '2018-09-16 16:00:25', '1');
INSERT INTO `sys_menu` VALUES ('63', '字典新增', 'sys_dict_add', null, '/admin/dict/**', 'POST', '6', null, null, null, '1', '2018-05-11 22:34:55', '2018-09-16 16:00:25', '1');
INSERT INTO `sys_menu` VALUES ('64', '字典修改', 'sys_dict_upd', null, '/admin/dict/**', 'PUT', '6', null, null, null, '1', '2018-05-11 22:36:03', '2018-09-16 16:00:25', '1');
INSERT INTO `sys_menu` VALUES ('71', '部门查看', '', null, '/admin/dept/**', 'GET', '7', null, '', null, '1', '2018-01-20 13:17:19', '2018-09-16 16:00:29', '1');
INSERT INTO `sys_menu` VALUES ('72', '部门新增', 'sys_dept_add', null, '/admin/dept/**', 'POST', '7', null, null, null, '1', '2018-01-20 14:56:16', '2018-09-16 16:00:29', '1');
INSERT INTO `sys_menu` VALUES ('73', '部门修改', 'sys_dept_edit', null, '/admin/dept/**', 'PUT', '7', null, null, null, '1', '2018-01-20 14:56:59', '2018-09-16 16:00:29', '1');
INSERT INTO `sys_menu` VALUES ('74', '部门删除', 'sys_dept_del', null, '/admin/dept/**', 'DELETE', '7', null, null, null, '1', '2018-01-20 14:57:28', '2018-09-16 16:00:29', '1');
INSERT INTO `sys_menu` VALUES ('100', '客户端管理', '', 'client', '', '', '1', 'icon-bangzhushouji', 'views/admin/client/index', '9', '0', '2018-01-20 13:17:19', '2018-05-15 21:28:10', '0');
INSERT INTO `sys_menu` VALUES ('101', '客户端新增', 'sys_client_add', null, '/admin/client/**', 'POST', '100', '1', null, null, '1', '2018-05-15 21:35:18', '2018-05-16 10:35:26', '0');
INSERT INTO `sys_menu` VALUES ('102', '客户端修改', 'sys_client_upd', null, '/admin/client/**', 'PUT', '100', null, null, null, '1', '2018-05-15 21:37:06', '2018-05-15 21:52:30', '0');
INSERT INTO `sys_menu` VALUES ('103', '客户端删除', 'sys_client_del', null, '/admin/client/**', 'DELETE', '100', null, null, null, '1', '2018-05-15 21:39:16', '2018-05-15 21:52:34', '0');
INSERT INTO `sys_menu` VALUES ('104', '客户端查看', null, null, '/admin/client/**', 'GET', '100', null, null, null, '1', '2018-05-15 21:39:57', '2018-05-15 21:52:40', '0');
INSERT INTO `sys_menu` VALUES ('110', '路由管理', null, 'route', null, null, '1', 'icon-luyou', 'views/admin/route/index', '8', '0', '2018-05-15 21:44:51', '2018-09-16 16:00:33', '1');
INSERT INTO `sys_menu` VALUES ('111', '路由查看', null, null, '/admin/route/**', 'GET', '110', null, null, null, '1', '2018-05-15 21:45:59', '2018-09-16 16:00:33', '1');
INSERT INTO `sys_menu` VALUES ('112', '路由新增', 'sys_route_add', null, '/admin/route/**', 'POST', '110', null, null, null, '1', '2018-05-15 21:52:22', '2018-09-16 16:00:33', '1');
INSERT INTO `sys_menu` VALUES ('113', '路由修改', 'sys_route_upd', null, '/admin/route/**', 'PUT', '110', null, null, null, '1', '2018-05-15 21:55:38', '2018-09-16 16:00:33', '1');
INSERT INTO `sys_menu` VALUES ('114', '路由删除', 'sys_route_del', null, '/admin/route/**', 'DELETE', '110', null, null, null, '1', '2018-05-15 21:56:45', '2018-09-16 16:00:33', '1');

-- ----------------------------
-- Table structure for sys_role
-- ----------------------------
DROP TABLE IF EXISTS `sys_role`;
CREATE TABLE `sys_role` (
  `role_id` int(11) NOT NULL AUTO_INCREMENT COMMENT '角色主键',
  `role_name` varchar(64) COLLATE utf8mb4_bin NOT NULL COMMENT '角色名称，如ROLE_ADMIN',
  `role_code` varchar(64) COLLATE utf8mb4_bin NOT NULL COMMENT '角色编码',
  `role_desc` varchar(255) COLLATE utf8mb4_bin DEFAULT NULL COMMENT '角色描述',
  `create_time` timestamp NOT NULL DEFAULT CURRENT_TIMESTAMP COMMENT '创建时间',
  `update_time` timestamp NULL DEFAULT NULL ON UPDATE CURRENT_TIMESTAMP COMMENT '更新时间',
  `del_flag` char(1) COLLATE utf8mb4_bin DEFAULT '0' COMMENT '删除标识（0-正常,1-删除）',
  PRIMARY KEY (`role_id`),
  UNIQUE KEY `role_idx1_role_code` (`role_code`)
) ENGINE=InnoDB AUTO_INCREMENT=15 DEFAULT CHARSET=utf8mb4 COLLATE=utf8mb4_bin ROW_FORMAT=DYNAMIC COMMENT='角色表';

-- ----------------------------
-- Records of sys_role
-- ----------------------------
INSERT INTO `sys_role` VALUES ('1', 'admin', 'ROLE_ADMIN', '超级管理员', '2017-10-29 15:45:51', '2018-04-22 11:40:29', '0');
INSERT INTO `sys_role` VALUES ('2', 'wei_branch_manager', 'ROLE_WEI', '微平台网点管理员', '2018-06-23 14:14:56', '2018-08-18 08:11:50', '0');
INSERT INTO `sys_role` VALUES ('14', 'demo', 'ROLE_GUEST', 'demo用户', '2018-04-20 07:14:32', '2018-08-18 08:11:56', '0');

-- ----------------------------
-- Table structure for sys_role_dept
-- ----------------------------
DROP TABLE IF EXISTS `sys_role_dept`;
CREATE TABLE `sys_role_dept` (
  `id` int(20) NOT NULL AUTO_INCREMENT,
  `role_id` int(20) DEFAULT NULL COMMENT '角色ID',
  `dept_id` int(20) DEFAULT NULL COMMENT '部门ID',
  PRIMARY KEY (`id`)
) ENGINE=InnoDB AUTO_INCREMENT=16 DEFAULT CHARSET=utf8 ROW_FORMAT=DYNAMIC COMMENT='角色与部门对应关系';

-- ----------------------------
-- Records of sys_role_dept
-- ----------------------------
INSERT INTO `sys_role_dept` VALUES ('11', '1', '1');
INSERT INTO `sys_role_dept` VALUES ('15', '14', '1');

-- ----------------------------
-- Table structure for sys_role_menu
-- ----------------------------
DROP TABLE IF EXISTS `sys_role_menu`;
CREATE TABLE `sys_role_menu` (
  `role_id` int(11) NOT NULL COMMENT '角色ID',
  `menu_id` int(11) NOT NULL COMMENT '菜单ID',
  PRIMARY KEY (`role_id`,`menu_id`)
) ENGINE=InnoDB DEFAULT CHARSET=utf8 ROW_FORMAT=DYNAMIC COMMENT='角色菜单表';

-- ----------------------------
-- Records of sys_role_menu
-- ----------------------------
INSERT INTO `sys_role_menu` VALUES ('1', '1');
INSERT INTO `sys_role_menu` VALUES ('1', '2');
INSERT INTO `sys_role_menu` VALUES ('1', '3');
INSERT INTO `sys_role_menu` VALUES ('1', '4');
INSERT INTO `sys_role_menu` VALUES ('1', '5');
INSERT INTO `sys_role_menu` VALUES ('1', '6');
INSERT INTO `sys_role_menu` VALUES ('1', '7');
INSERT INTO `sys_role_menu` VALUES ('1', '8');
INSERT INTO `sys_role_menu` VALUES ('1', '9');
INSERT INTO `sys_role_menu` VALUES ('1', '10');
INSERT INTO `sys_role_menu` VALUES ('1', '11');
INSERT INTO `sys_role_menu` VALUES ('1', '12');
INSERT INTO `sys_role_menu` VALUES ('1', '13');
INSERT INTO `sys_role_menu` VALUES ('1', '14');
INSERT INTO `sys_role_menu` VALUES ('1', '15');
INSERT INTO `sys_role_menu` VALUES ('1', '21');
INSERT INTO `sys_role_menu` VALUES ('1', '22');
INSERT INTO `sys_role_menu` VALUES ('1', '23');
INSERT INTO `sys_role_menu` VALUES ('1', '24');
INSERT INTO `sys_role_menu` VALUES ('1', '31');
INSERT INTO `sys_role_menu` VALUES ('1', '32');
INSERT INTO `sys_role_menu` VALUES ('1', '33');
INSERT INTO `sys_role_menu` VALUES ('1', '34');
INSERT INTO `sys_role_menu` VALUES ('1', '41');
INSERT INTO `sys_role_menu` VALUES ('1', '42');
INSERT INTO `sys_role_menu` VALUES ('1', '43');
INSERT INTO `sys_role_menu` VALUES ('1', '44');
INSERT INTO `sys_role_menu` VALUES ('1', '45');
INSERT INTO `sys_role_menu` VALUES ('1', '51');
INSERT INTO `sys_role_menu` VALUES ('1', '52');
INSERT INTO `sys_role_menu` VALUES ('1', '61');
INSERT INTO `sys_role_menu` VALUES ('1', '62');
INSERT INTO `sys_role_menu` VALUES ('1', '63');
INSERT INTO `sys_role_menu` VALUES ('1', '64');
INSERT INTO `sys_role_menu` VALUES ('1', '71');
INSERT INTO `sys_role_menu` VALUES ('1', '72');
INSERT INTO `sys_role_menu` VALUES ('1', '73');
INSERT INTO `sys_role_menu` VALUES ('1', '74');
INSERT INTO `sys_role_menu` VALUES ('1', '100');
INSERT INTO `sys_role_menu` VALUES ('1', '101');
INSERT INTO `sys_role_menu` VALUES ('1', '102');
INSERT INTO `sys_role_menu` VALUES ('1', '103');
INSERT INTO `sys_role_menu` VALUES ('1', '104');
INSERT INTO `sys_role_menu` VALUES ('1', '110');
INSERT INTO `sys_role_menu` VALUES ('1', '111');
INSERT INTO `sys_role_menu` VALUES ('1', '112');
INSERT INTO `sys_role_menu` VALUES ('1', '113');
INSERT INTO `sys_role_menu` VALUES ('1', '114');
INSERT INTO `sys_role_menu` VALUES ('14', '1');
INSERT INTO `sys_role_menu` VALUES ('14', '2');
INSERT INTO `sys_role_menu` VALUES ('14', '3');
INSERT INTO `sys_role_menu` VALUES ('14', '4');
INSERT INTO `sys_role_menu` VALUES ('14', '5');
INSERT INTO `sys_role_menu` VALUES ('14', '6');
INSERT INTO `sys_role_menu` VALUES ('14', '7');
INSERT INTO `sys_role_menu` VALUES ('14', '8');
INSERT INTO `sys_role_menu` VALUES ('14', '9');
INSERT INTO `sys_role_menu` VALUES ('14', '10');
INSERT INTO `sys_role_menu` VALUES ('14', '11');
INSERT INTO `sys_role_menu` VALUES ('14', '12');
INSERT INTO `sys_role_menu` VALUES ('14', '13');
INSERT INTO `sys_role_menu` VALUES ('14', '14');
INSERT INTO `sys_role_menu` VALUES ('14', '15');
INSERT INTO `sys_role_menu` VALUES ('14', '21');
INSERT INTO `sys_role_menu` VALUES ('14', '31');
INSERT INTO `sys_role_menu` VALUES ('14', '41');
INSERT INTO `sys_role_menu` VALUES ('14', '51');
INSERT INTO `sys_role_menu` VALUES ('14', '61');
INSERT INTO `sys_role_menu` VALUES ('14', '71');

-- ----------------------------
-- Table structure for sys_user
-- ----------------------------
DROP TABLE IF EXISTS `sys_user`;
CREATE TABLE `sys_user` (
  `user_id` int(11) NOT NULL AUTO_INCREMENT COMMENT '主键ID',
  `username` varchar(64) COLLATE utf8mb4_bin NOT NULL COMMENT '用户名',
  `password` varchar(255) COLLATE utf8mb4_bin NOT NULL,
  `salt` varchar(255) COLLATE utf8mb4_bin DEFAULT NULL COMMENT '随机盐',
  `phone` varchar(20) COLLATE utf8mb4_bin NOT NULL COMMENT '简介',
  `avatar` varchar(255) COLLATE utf8mb4_bin DEFAULT NULL COMMENT '头像',
  `dept_id` int(11) DEFAULT NULL COMMENT '部门ID',
  `create_time` timestamp NULL DEFAULT CURRENT_TIMESTAMP COMMENT '创建时间',
  `update_time` timestamp NULL DEFAULT NULL ON UPDATE CURRENT_TIMESTAMP COMMENT '修改时间',
  `del_flag` char(1) COLLATE utf8mb4_bin DEFAULT '0' COMMENT '0-正常，1-删除',
  PRIMARY KEY (`user_id`),
  UNIQUE KEY `user_idx1_username` (`username`),
  UNIQUE KEY `user_idx2_phone` (`phone`)
) ENGINE=InnoDB AUTO_INCREMENT=269 DEFAULT CHARSET=utf8mb4 COLLATE=utf8mb4_bin ROW_FORMAT=DYNAMIC COMMENT='用户表';

-- ----------------------------
-- Records of sys_user
-- ----------------------------
INSERT INTO `sys_user` VALUES ('1', 'admin', '8af08cf84dbc2c90290d69f9d20f2941', null, '17034642111', null, '1', '2018-04-20 07:15:18', '2018-10-06 18:51:59', '0');
INSERT INTO `sys_user` VALUES ('4', 'pig', '8af08cf84dbc2c90290d69f9d20f2941', null, '17034642118', null, '1', '2018-04-22 11:39:07', '2018-10-06 18:52:09', '0');
INSERT INTO `sys_user` VALUES ('268', 'youjia', '8af08cf84dbc2c90290d69f9d20f2941', null, '17034642116', null, null, '2018-08-19 14:51:19', '2018-10-06 18:52:02', '0');

-- ----------------------------
-- Table structure for sys_user_role
-- ----------------------------
DROP TABLE IF EXISTS `sys_user_role`;
CREATE TABLE `sys_user_role` (
  `user_id` int(11) NOT NULL COMMENT '用户ID',
  `role_id` int(11) NOT NULL COMMENT '角色ID',
  PRIMARY KEY (`user_id`,`role_id`) USING BTREE
) ENGINE=InnoDB DEFAULT CHARSET=utf8 COMMENT='用户角色表';

-- ----------------------------
-- Records of sys_user_role
-- ----------------------------
INSERT INTO `sys_user_role` VALUES ('1', '1');
INSERT INTO `sys_user_role` VALUES ('4', '14');
INSERT INTO `sys_user_role` VALUES ('268', '1');
